/* 
	Ryan Fitch - 2015

	SQL library datbase data insert for Tech Academy Drill. 
*/

INSERT INTO lib_book
VALUES (1, 'The Lost Tribe', 'Penguin'),
	(2, 'SQL Basics', 'Penguin'),
	(3, 'Where To Buy Things', 'Random House'),
	(4, 'JavaScript v1', 'Penguin'),
	(5, 'JavaScript v2', 'Penguin'),
	(6, 'Star Wars', 'Random House'),
	(7, 'Happy Days', 'Penguin'),
	(8, 'Goonies', 'Penguin'),
	(9, 'Harry Potter v1', 'Random House'),
	(10, 'Harry Potter v2', 'Random House'),
	(11, 'Big Books', 'Penguin'),
	(12, 'Jazzy Times', 'Random House'),
	(13, 'Rock N Roll', 'Penguin'),
	(14, 'Skunk Funk', 'Random House'),
	(15, 'James Brown Bio', 'Penguin'),
	(16, 'Soul Power', 'Random House'),
	(17, 'Up', 'Penguin'),
	(18, 'Blue Blanket', 'Random House'),
	(19, 'Fixer', 'Penguin'),
	(20, 'Seattle', 'Penguin');

INSERT INTO lib_bookAuthors
VALUES (1, 'Rosie', 'Rosenbaum'),
	(2, 'Emily', 'Lundeen'),
	(3, 'Ryan', 'Fitch'),
	(4, 'David', 'Wakeling'),
	(5, 'Candee', 'Schimp'),
	(6, 'Steve', 'Rosenbaum'),
	(7, 'Chrissy', 'Lundeen'),
	(8, 'Meemo', 'Cat'),
	(9, 'Clover', 'Dog'),
	(10, 'Stephen', 'King');

INSERT INTO lib_bookCopies
VALUES (1, 1, 5),
	(2, 1, 4),
	(3, 1, 3),
	(4, 1, 4),
	(5, 1, 5),
	(6, 1, 3),
	(7, 1, 3),
	(8, 1, 4),
	(9, 1, 4),
	(10, 1, 4);

INSERT INTO lib_bookLoans
VALUES (1, 1, 101, '2012-01-03', '2012-02-01'),
	(2, 1, 102, '2012-01-05', '2012-02-01'),
	(3, 2, 103, '2012-01-01', '2012-02-01'),
	(4, 1, 104, '2012-01-08', '2012-02-01'),
	(5, 1, 105, '2012-01-07', '2012-02-01'),
	(6, 1, 106, '2012-01-07', '2012-02-01'),
	(7, 3, 107, '2012-01-08', '2012-02-01'),
	(8, 1, 108, '2012-01-09', '2012-02-01'),
	(9, 2, 109, '2012-01-15', '2012-02-01'),
	(10, 3, 110, '2012-01-20', '2012-02-01'),
	(11, 1, 111, '2012-01-03', '2012-02-01'),
	(12, 2, 112, '2012-01-23', '2012-02-01'),
	(13, 4, 113, '2012-01-18', '2012-02-01'),
	(14, 2, 114, '2012-01-15', '2012-02-01'),
	(15, 1, 115, '2012-01-07', '2012-02-01'),
	(16, 3, 116, '2012-01-14', '2012-02-01'),
	(17, 2, 117, '2012-01-23', '2012-02-01'),
	(18, 2, 118, '2012-01-06', '2012-02-01'),
	(19, 1, 119, '2012-01-08', '2012-02-01'),
	(20, 3, 120, '2012-01-19', '2012-02-01'),
	(21, 1, 121, '2012-01-05', '2012-02-01'),
	(22, 2, 122, '2012-01-01', '2012-02-01'),
	(23, 1, 123, '2012-01-08', '2012-02-01'),
	(24, 1, 124, '2012-01-07', '2012-02-01'),
	(25, 1, 125, '2012-01-07', '2012-02-01'),
	(26, 3, 126, '2012-01-08', '2012-02-01'),
	(27, 1, 127, '2012-01-09', '2012-02-01'),
	(28, 2, 128, '2012-01-15', '2012-02-01'),
	(29, 3, 129, '2012-01-20', '2012-02-01'),
	(30, 1, 130, '2012-01-03', '2012-02-01'),
	(31, 2, 131, '2012-01-23', '2012-02-01'),
	(32, 4, 132, '2012-01-18', '2012-02-01'),
	(33, 2, 133, '2012-01-15', '2012-02-01'),
	(34, 1, 134, '2012-01-07', '2012-02-01'),
	(35, 3, 135, '2012-01-14', '2012-02-01'),
	(36, 2, 136, '2012-01-23', '2012-02-01'),
	(37, 2, 137, '2012-01-06', '2012-02-01'),
	(38, 1, 138, '2012-01-08', '2012-02-01'),
	(39, 3, 139, '2012-01-19', '2012-02-01'),
	(40, 3, 140, '2012-01-19', '2012-02-01'),
	(41, 1, 141, '2012-01-05', '2012-02-01'),
	(42, 2, 142, '2012-01-01', '2012-02-01'),
	(43, 1, 143, '2012-01-08', '2012-02-01'),
	(44, 1, 144, '2012-01-07', '2012-02-01'),
	(45, 1, 145, '2012-01-07', '2012-02-01'),
	(46, 3, 146, '2012-01-08', '2012-02-01'),
	(47, 1, 147, '2012-01-09', '2012-02-01'),
	(48, 2, 148, '2012-01-15', '2012-02-01'),
	(49, 3, 149, '2012-01-20', '2012-02-01'),
	(50, 1, 150, '2012-01-03', '2012-02-01');


INSERT INTO lib_borrower
VALUES (101, 'Bubba', 'Smith', '327 Smith St', 'Portland', 'OR', 97239, '9173917089'),
	(102, 'Harry', 'Neilsen', '123 Catsway Dr', 'Portland', 'OR', 97239, '5122381234'),
	(103, 'Bob', 'Gutry', '242 Doggy Dr', 'Portland', 'OR', 97239, '9173642373'),
	(104, 'Mark', 'Moreland', '9248 Main St', 'Portland', 'OR', 97239, '9172837238'),
	(105, 'Adam', 'Fitch', '23489 Main St', 'Portland', 'OR', 97239, '7122392738'),
	(106, 'Chris', 'Reed', '2349 Vista St', 'Portland', 'OR', 97239, '8123292030');

INSERT INTO lib_branch
VALUES (1, 'Sharpstown', '91293 Couch St', 'Portland', 'OR', 97239),
	(2, 'Central', '23482 Jerry St', 'Seattle', 'WA', 92373),
	(3, 'Zville', '923 Raven Ridge', 'Zionsville', 'IN', 46077),
	(4, 'Beantown', '234 Main St', 'Austin', 'TX', 12493);

INSERT INTO lib_publisher
VALUES ('Penguin', '123234 Main St', 'Portland', 'OR', 97239),
	('Random House', '1223 Main St', 'Seattle', 'OR', 98122);